mLen,N,q,dF,dg,dr,actual_encryption_time,actual_decryption_time
510,649,1442,14,14,4,24,20,
42,455,2033,11,9,17,17,22,
1004,1066,2299,1,4,17,17,22,
43,602,580,14,2,10,19,16,
1501,445,2048,8,1,8,21,18,
44,897,2388,19,6,3,18,32,
45,361,1523,7,7,17,18,19,
511,555,2020,12,4,14,25,23,
46,257,2285,19,11,18,25,21,
47,278,967,8,18,16,23,19,
48,302,1156,16,18,13,16,16,
512,992,1628,6,15,3,27,23,
49,1146,1603,7,20,18,18,18,
1005,716,2012,11,16,20,19,20,
2001,441,674,4,1,1,21,21,
50,1276,795,18,6,3,21,22,
51,531,2086,12,9,12,20,16,
1502,394,2019,20,13,13,19,22,
52,678,2552,10,2,11,22,20,
513,487,1232,15,4,2,19,25,
53,298,1515,14,20,4,17,21,
54,275,891,9,20,2,16,17,
55,1051,2057,12,2,19,19,23,
1006,528,1670,5,10,5,21,19,
2501,744,1646,20,6,16,21,22,
514,519,1994,2,6,6,17,15,
56,418,2088,6,13,18,20,21,
57,1054,2241,3,4,7,22,21,
58,627,2491,2,18,6,24,26,
515,859,1972,18,19,14,34,28,
59,929,1138,12,20,4,33,27,
60,429,1213,4,14,19,23,21,
2002,1081,1413,1,10,6,26,20,
1503,1037,1244,16,12,5,19,19,
61,961,2063,14,3,13,19,21,
1007,613,2240,10,9,12,25,21,
62,830,2548,2,3,12,20,18,
516,919,1939,5,2,16,20,24,
63,773,2187,15,9,1,17,19,
64,1182,2216,12,4,19,21,20,
65,823,948,12,13,17,25,19,
517,804,537,17,10,1,22,21,
66,342,974,20,15,10,23,24,
1008,950,583,20,20,2,16,18,
67,359,1942,14,8,18,34,22,
68,504,1788,4,15,20,23,20,
2502,331,1075,9,3,5,20,22,
1504,373,1543,12,5,17,28,22,
518,424,1789,17,7,13,19,22,
69,753,630,3,11,11,27,22,
70,762,2151,16,12,14,27,26,
2003,565,1060,4,9,5,22,16,
71,717,1353,10,11,11,25,22,
519,1245,525,18,3,18,21,24,
72,1024,1477,10,10,19,17,18,
1009,958,2324,11,3,17,30,23,
73,757,2406,2,17,7,20,19,
74,746,1496,1,15,13,18,17,
75,1031,2464,14,19,10,21,18,
520,1269,1259,12,20,2,22,21,
76,1036,821,13,18,18,22,20,
1505,619,2143,5,10,2,18,16,
77,443,1721,3,10,2,17,18,
1010,456,1292,7,5,6,24,20,
78,467,739,17,15,16,27,21,
521,1090,1109,14,8,19,17,17,
79,1213,1050,17,8,7,25,23,
80,435,630,8,6,3,18,20,
2004,620,1648,12,10,6,18,21,
2503,1178,1919,20,7,10,19,20,
81,681,1375,5,7,20,21,19,
522,1004,1518,13,3,1,24,19,
82,877,619,18,19,2,18,20,
83,344,556,2,19,19,18,21,
1011,427,539,18,17,4,20,18,
1506,570,2307,18,2,1,15,16,
84,480,1726,6,2,9,20,20,
523,281,1110,20,2,1,26,22,
85,1051,1203,18,2,12,35,14,
86,1247,1024,3,19,13,21,20,
87,1053,1934,11,12,20,21,20,
524,975,1683,13,2,16,21,27,
88,425,1386,17,11,7,19,18,
1012,1048,1565,20,11,9,20,16,
89,1032,2357,16,11,20,22,18,
90,989,576,16,1,16,34,49,
525,553,2385,5,2,11,28,26,
2005,469,661,8,8,4,21,17,
91,777,661,20,2,6,17,18,
1507,1276,2242,2,18,19,16,18,
92,689,1856,15,7,9,28,28,
2504,603,1229,14,15,20,17,16,
93,523,1448,17,8,16,20,19,
526,558,1632,5,18,9,32,33,
1013,272,662,14,12,20,21,20,
94,1252,1588,5,2,18,25,31,
95,555,1361,18,8,4,20,22,
527,968,1699,3,9,9,26,19,
96,476,2227,19,17,6,20,18,
97,542,2456,4,3,9,25,28,
98,278,2067,18,11,7,21,20,
1014,1228,1110,15,6,8,25,28,
1508,612,1434,20,18,18,21,17,
528,1225,2281,7,2,15,21,21,
99,277,2201,10,17,1,21,22,
2006,1209,2036,15,7,6,17,21,
100,556,2016,5,6,11,21,23,
101,1195,1721,11,8,14,25,22,
529,442,1462,20,7,18,19,20,
102,757,2209,4,17,6,25,20,
103,264,701,16,19,15,20,19,
1015,795,1985,5,10,16,17,15,
2505,947,1872,5,15,3,26,25,
104,769,879,20,18,20,20,21,
530,529,1964,7,15,3,25,22,
105,1021,2535,12,1,4,21,23,
1509,1157,583,1,14,1,18,21,
106,993,1491,15,20,12,20,24,
107,689,1422,5,20,14,23,22,
531,1148,2455,20,4,4,16,19,
1016,540,1936,4,12,7,19,22,
108,596,2192,2,13,19,30,23,
2007,723,1259,3,7,16,19,21,
109,269,2297,19,17,15,20,21,
532,1215,961,19,7,16,26,15,
110,303,1741,14,8,20,23,20,
111,329,1765,2,14,13,20,19,
1510,516,1374,12,7,1,21,20,
112,1106,1195,3,16,16,32,28,
1017,617,1342,13,12,11,17,15,
533,832,1956,4,5,20,18,20,
113,637,641,3,14,13,22,30,
114,1117,1357,19,14,7,22,22,
2506,593,1115,14,11,3,20,23,
115,452,768,17,14,2,21,20,
534,648,1743,20,15,14,21,19,
116,849,1379,16,12,12,27,23,
117,391,1176,10,11,7,19,18,
1018,1184,1593,11,15,10,22,18,
2008,788,722,2,19,17,17,17,
535,299,1145,5,15,13,31,17,
118,865,2162,5,17,9,19,19,
1511,602,1698,17,15,20,24,29,
119,342,1107,13,9,7,21,21,
120,656,1018,20,6,8,22,22,
536,1015,931,4,9,1,22,20,
121,734,576,12,13,2,18,19,
1019,638,1704,9,16,17,22,20,
122,1037,553,19,3,10,21,20,
123,666,999,7,9,11,23,15,
537,1026,1132,17,11,15,23,19,
124,935,1480,16,4,17,20,23,
1512,1102,901,12,13,6,25,23,
2507,1269,2133,19,18,17,19,16,
125,1014,1841,8,14,5,22,23,
2009,284,750,9,9,12,22,20,
538,1037,2516,18,5,12,20,20,
1020,1256,2061,1,8,8,26,25,
126,792,2474,2,13,8,18,18,
127,1110,2515,3,19,14,25,37,
128,576,1633,3,12,19,19,34,
539,788,734,2,2,14,22,17,
129,872,1031,13,6,15,17,19,
130,709,2111,12,1,7,25,24,
1021,724,874,4,3,9,28,20,
540,593,681,18,2,4,20,24,
1513,1151,2522,14,15,11,18,22,
131,677,1817,14,20,18,25,21,
132,433,2161,2,11,12,25,21,
133,808,880,15,13,20,19,20,
541,1190,2193,10,16,11,22,23,
2010,1278,2334,18,3,12,21,20,
134,804,702,17,7,10,18,18,
1022,555,1498,16,7,13,31,27,
2508,300,1219,4,11,6,33,23,
135,480,2262,6,2,13,18,21,
542,1234,2398,16,16,19,26,23,
136,1269,632,6,3,9,16,17,
1514,672,1655,20,10,6,23,26,
137,757,2255,3,11,2,25,25,
138,1193,1047,20,11,18,19,20,
543,775,1445,15,9,13,29,23,
1023,552,520,10,2,7,24,22,
139,1066,2537,7,14,4,29,27,
140,1046,1707,3,8,1,28,19,
544,541,1659,7,17,9,19,23,
141,332,1452,6,5,5,19,16,
2011,683,603,15,12,16,21,25,
142,840,1077,4,18,3,24,24,
1515,1066,945,4,20,8,20,23,
1024,406,1262,8,6,6,29,31,
143,529,1473,2,3,10,23,18,
545,904,2469,2,15,3,20,22,
144,790,748,16,1,4,16,21,
2509,781,1238,20,4,3,22,23,
145,628,1927,7,12,5,30,18,
546,742,1108,17,20,1,19,24,
146,1124,1956,7,12,15,27,24,
147,287,2223,18,2,3,20,18,
1025,844,1420,6,10,18,26,21,
148,624,1496,8,15,14,26,25,
547,587,1180,4,3,20,21,25,
2012,753,2556,4,12,8,34,30,
1516,707,999,1,15,15,18,21,
149,666,1846,12,6,13,17,17,
150,313,900,12,18,8,28,19,
548,667,2308,12,13,14,19,20,
151,534,2112,20,19,12,23,24,
1026,1107,1827,11,10,14,22,27,
152,1212,853,2,11,2,35,21,
549,1184,1083,9,13,14,19,16,
153,1073,1467,8,5,1,20,24,
2510,686,1460,20,10,8,22,22,
154,621,1137,13,14,19,22,21,
1517,284,1194,5,4,8,19,18,
155,1238,1338,5,2,20,17,17,
1027,433,2259,19,4,6,16,20,
550,1025,1064,14,3,14,26,25,
156,821,588,3,2,16,21,18,
2013,643,1743,2,14,16,25,22,
157,1201,2329,7,4,16,18,17,
551,377,2316,5,7,13,21,18,
158,700,1794,14,12,11,23,19,
159,518,1729,13,6,13,22,27,
1028,833,1297,13,17,16,17,20,
552,475,2382,6,17,4,20,19,
160,587,1474,15,17,12,21,19,
1518,1253,1253,2,19,18,16,14,
161,1125,2258,7,11,17,23,22,
162,1110,1520,5,5,3,20,19,
553,784,1147,15,15,9,20,21,
2511,389,2112,1,2,9,25,21,
1029,328,2179,8,12,7,25,21,
163,274,1947,14,5,2,25,20,
2014,1134,2356,9,14,14,24,18,
164,597,1502,3,7,15,19,19,
554,1070,969,2,9,11,27,22,
165,860,2274,18,3,8,20,18,
1519,580,518,6,20,16,29,28,
166,1195,2117,10,1,13,20,16,
555,507,1567,9,11,11,26,16,
1030,956,1060,18,2,15,23,19,
167,1140,1286,3,16,7,20,20,
168,421,1424,18,13,9,25,30,
169,960,1035,12,10,11,20,21,
556,808,2170,7,11,8,17,20,
170,504,854,19,14,13,21,17,
2015,897,1950,12,20,2,30,19,
1031,805,1612,2,11,17,21,20,
2512,401,1778,18,18,4,24,17,
1520,552,1893,16,18,7,21,21,
171,1252,566,8,7,14,27,22,
557,1032,1880,19,5,19,23,24,
172,369,1358,4,11,8,19,21,
173,962,2115,1,9,17,21,22,
558,580,1567,12,14,2,19,15,
174,913,1810,15,11,2,21,20,
1032,1020,1579,3,14,15,26,25,
175,942,696,16,13,15,27,22,
559,369,1387,8,2,6,47,36,
176,569,999,19,17,10,25,18,
1521,980,1139,5,3,7,24,24,
177,1052,674,17,14,13,17,18,
2016,639,1253,6,13,16,23,26,
560,1213,1667,1,15,16,22,24,
178,924,1463,13,11,6,17,19,
1033,1102,2219,10,17,12,16,18,
179,505,2172,10,6,16,26,20,
2513,454,719,17,5,3,18,15,
180,1211,1202,4,14,11,21,16,
561,742,1064,9,8,4,25,21,
181,847,1094,19,13,5,19,22,
1522,545,771,2,8,18,17,20,
1034,943,2196,6,5,15,19,23,
182,813,2165,14,16,9,21,17,
562,510,2210,2,16,10,29,18,
183,1062,580,7,2,7,23,26,
2017,297,1511,9,9,6,18,17,
184,958,1184,1,17,12,29,21,
563,904,1135,3,6,12,18,21,
185,872,1299,16,1,18,19,16,
1035,705,2012,17,5,6,31,23,
186,298,950,11,6,15,20,19,
1523,481,1471,2,7,18,23,20,
564,772,2065,8,8,13,27,25,
187,324,1133,15,19,10,18,17,
2514,801,2440,19,17,6,20,18,
188,1233,887,1,10,17,20,19,
565,944,1612,15,5,11,30,18,
1036,1217,2288,8,14,11,20,23,
189,641,1054,12,1,16,24,22,
190,835,1997,11,9,17,26,22,
2018,694,2462,6,6,15,19,20,
191,512,761,17,18,11,17,17,
566,1251,2016,17,9,17,21,21,
1524,390,2011,20,19,19,31,32,
192,944,619,7,5,14,18,19,
1037,859,2402,4,4,5,17,24,
193,1111,968,11,3,10,24,23,
567,887,2029,8,14,3,20,21,
194,752,2193,14,2,4,23,21,
195,558,961,16,12,6,19,21,
568,643,1617,7,14,3,21,21,
2515,822,1400,11,12,13,17,20,
196,355,2036,11,1,8,29,20,
1038,404,2226,2,1,9,26,21,
1525,344,1519,9,18,19,18,19,
2019,828,2295,14,4,20,27,21,
197,834,1066,9,13,3,23,32,
569,961,881,9,20,18,21,19,
198,516,1288,14,13,6,19,18,
199,1014,1877,5,2,8,21,24,
570,691,1413,2,3,6,22,21,
1039,384,936,17,6,16,20,24,
200,523,520,8,17,2,20,28,
201,381,1212,12,15,20,23,21,
1526,276,2169,6,8,20,19,20,
571,1072,516,8,12,12,20,18,
202,1163,1417,15,20,16,20,20,
203,295,823,11,16,6,18,27,
1040,808,1475,15,8,19,23,23,
2020,763,1405,9,6,6,20,55,
2516,316,1644,11,6,8,20,30,
572,1166,1138,17,9,13,19,20,
204,533,661,14,14,1,26,24,
205,554,2516,8,7,11,25,22,
573,1243,1578,14,12,6,27,23,
206,709,1402,14,19,16,26,18,
1527,596,1773,20,4,14,21,21,
1041,1216,2004,14,1,12,16,20,
207,614,2155,6,6,14,19,19,
574,308,819,1,2,6,21,31,
208,577,2102,11,17,11,20,19,
209,1046,2048,11,19,7,20,18,
2021,544,2283,2,2,20,18,22,
575,432,1194,16,12,16,17,16,
1042,1170,2489,4,15,3,28,20,
210,678,1885,15,15,17,21,26,
2517,968,2478,15,3,20,17,22,
211,906,1793,5,13,19,22,18,
1528,1251,1204,10,10,10,17,17,
576,396,2489,10,3,10,17,14,
212,345,2327,5,19,14,19,25,
213,715,1608,20,7,14,24,18,
1043,353,808,16,8,6,16,19,
577,1057,606,16,4,19,20,17,
214,258,814,4,19,2,26,22,
215,296,935,13,5,7,17,20,
2022,328,1921,20,2,11,27,20,
1529,907,2321,8,17,19,29,22,
578,369,1225,16,1,20,24,23,
216,1259,1170,12,2,15,18,19,
1044,657,2318,15,17,10,32,16,
217,942,2120,10,7,2,29,21,
579,1189,1394,9,19,11,18,22,
218,516,1571,2,1,16,32,21,
2518,1127,946,14,3,15,24,21,
219,301,1605,6,3,5,24,19,
1045,319,796,20,9,14,18,17,
580,781,554,1,3,9,25,29,
220,860,2435,20,7,4,21,22,
1530,270,1225,18,6,8,21,24,
221,538,1277,5,11,5,21,20,
2023,1238,1742,16,12,11,20,21,
581,1058,581,7,15,9,20,18,
222,728,1838,11,8,6,23,17,
223,1009,782,10,5,7,27,15,
1046,577,661,3,7,15,18,20,
582,812,1725,19,7,10,17,18,
224,519,2169,18,6,6,18,18,
225,1228,1548,6,14,10,19,19,
1531,315,1876,17,16,8,21,17,
2519,1000,1326,11,15,19,19,18,
583,584,1884,6,6,11,19,21,
226,475,1750,1,10,3,22,21,
1047,1146,1711,12,19,12,24,28,
227,555,749,16,6,5,21,20,
2024,1178,2451,20,18,13,22,20,
584,894,2268,1,13,15,26,27,
228,465,884,8,15,9,23,20,
229,885,2460,17,6,18,25,27,
1048,441,703,19,18,7,22,20,
1532,938,574,16,7,7,16,17,
585,270,1732,18,17,7,23,18,
230,578,1572,9,20,3,23,21,
231,828,2475,7,18,4,18,17,
586,1013,2186,20,11,6,22,16,
232,293,1680,16,18,20,19,22,
1049,526,975,5,19,1,24,17,
233,1251,1982,8,20,18,26,37,
2520,1076,994,17,9,17,20,20,
2025,878,1284,10,8,16,20,19,
587,763,843,19,9,9,28,22,
234,922,1755,8,6,8,21,20,
1533,685,2214,12,3,10,20,23,
235,932,1758,6,8,18,26,25,
588,1123,1056,4,8,20,16,17,
236,1125,1047,8,13,7,18,17,
1050,561,537,4,8,3,22,20,
237,1118,704,7,18,4,16,18,
589,1104,1004,2,3,1,20,20,
238,1052,1441,5,17,17,25,28,
1534,899,2118,7,5,15,19,19,
239,295,1538,10,17,17,28,18,
1051,1139,533,14,5,19,19,25,
2026,846,1149,17,10,2,22,27,
590,865,2020,17,20,8,21,18,
240,770,2249,1,8,6,19,21,
2521,875,1087,11,1,20,20,20,
241,1111,847,14,16,4,17,17,
591,1077,705,14,3,15,18,18,
242,788,2517,20,13,6,22,20,
1052,507,523,16,1,6,20,20,
243,750,1191,9,4,20,23,24,
1535,820,581,14,9,5,26,29,
592,1096,2523,20,8,2,17,17,
244,453,867,11,8,5,16,17,
245,1104,1636,4,13,8,18,18,
2027,1260,1534,8,14,15,21,21,
593,307,2382,3,19,13,25,18,
1053,666,2377,7,9,4,27,23,
246,925,2154,19,3,19,20,18,
247,819,1256,20,10,18,20,21,
2522,601,799,17,14,10,29,20,
594,1048,2204,17,2,4,23,22,
1536,1072,1205,13,4,1,19,25,
248,1009,2325,5,18,14,23,26,
1054,317,2282,2,20,3,21,18,
249,663,2457,17,8,13,23,21,
595,986,1522,16,16,7,21,18,
250,790,1600,14,7,17,16,17,
2028,722,2194,8,10,2,22,19,
251,1062,1329,7,6,9,27,17,
596,258,1807,6,8,1,22,20,
1055,530,1985,10,17,3,24,27,
1537,653,2551,10,4,16,17,17,
252,805,1476,6,11,13,18,18,
597,419,1822,6,15,16,32,21,
253,600,740,20,15,14,23,29,
2523,484,2061,7,7,4,17,16,
254,537,1575,7,5,14,32,20,
1056,646,1885,3,5,10,27,18,
598,536,2372,10,11,11,21,19,
255,1222,2490,17,10,1,24,20,
256,536,550,3,18,16,21,22,
1538,514,1434,10,17,10,23,26,
2029,707,1449,5,3,1,17,23,
599,519,528,5,7,10,21,17,
257,392,995,1,2,7,20,19,
1057,759,799,9,11,3,20,19,
258,505,945,5,20,19,18,19,
600,529,2295,14,15,4,19,24,
259,449,1883,3,19,7,33,16,
260,484,2173,11,8,9,18,18,
1539,438,521,12,18,3,20,18,
601,290,976,3,10,7,18,25,
2524,376,1296,8,18,3,19,21,
1058,270,1230,2,1,20,20,19,
261,699,1642,4,7,14,25,21,
2030,1219,1019,18,5,14,22,19,
262,622,1373,19,1,5,18,20,
602,405,1576,15,20,7,19,17,
263,512,2080,11,3,18,16,17,
1059,574,817,16,1,1,19,17,
264,262,589,10,9,19,18,15,
603,322,2055,12,17,20,21,23,
1540,443,2163,7,18,18,22,19,
265,1152,1338,4,18,13,23,22,
266,383,869,11,11,14,21,22,
604,1216,2295,12,4,13,20,19,
1060,1008,2188,17,12,6,22,20,
2031,1188,2137,2,20,17,29,24,
267,660,1564,19,7,17,38,31,
2525,890,2316,3,11,16,19,18,
605,808,2248,15,20,2,30,31,
268,323,720,3,4,5,18,17,
1541,925,1633,10,4,16,24,20,
269,969,1832,2,13,6,22,18,
1061,963,764,14,1,4,27,39,
606,584,2097,18,6,4,19,18,
270,1072,665,4,15,6,25,27,
271,1259,2141,15,15,2,23,20,
607,686,2452,12,15,6,26,28,
272,560,1644,12,9,11,21,27,
2032,776,2158,6,11,11,33,21,
1062,617,755,13,3,7,22,21,
1542,687,1804,9,17,3,14,18,
273,574,1020,16,14,1,23,24,
608,275,669,20,15,5,19,22,
2526,819,1939,13,9,14,23,22,
274,280,719,3,6,16,21,26,
275,881,1643,17,11,15,20,18,
609,1035,583,19,17,8,22,21,
1063,589,2346,15,14,3,23,22,
276,1230,2206,13,1,4,33,21,
1543,922,1559,11,12,13,22,22,
277,447,1530,16,17,12,21,25,
610,1039,2534,16,10,17,20,19,
2033,876,2144,12,19,2,19,18,
278,567,2217,10,3,16,25,20,
1064,954,2304,19,12,1,22,22,
611,490,1852,7,18,5,20,20,
279,1015,1005,16,9,14,21,19,
280,442,1030,18,5,15,22,22,
2527,788,2157,10,18,1,18,18,
612,1232,897,2,5,8,17,17,
281,703,1272,18,15,16,18,22,
1544,296,621,6,17,1,28,25,
1065,821,890,7,12,12,24,20,
282,1259,1595,9,2,19,18,17,
613,1143,1818,14,12,18,23,25,
2034,533,1231,17,10,4,26,32,
283,779,2139,7,5,6,26,29,
284,347,1359,3,19,11,16,16,
614,1234,598,15,14,6,17,16,
1066,495,589,17,19,18,33,19,
285,1092,882,13,18,16,34,23,
1545,765,1712,10,17,4,18,19,
286,634,2081,5,17,20,21,23,
615,773,1189,18,12,6,17,16,
2528,512,760,5,19,18,20,21,
287,648,1322,19,19,6,16,19,
1067,1140,660,8,6,14,17,19,
616,499,1600,2,10,15,26,22,
288,655,1243,3,15,13,17,16,
2035,1241,2195,6,20,2,28,16,
289,546,839,3,9,9,17,16,
1546,834,951,14,15,13,26,20,
617,302,1192,18,13,6,17,21,
290,1063,739,1,20,19,24,25,
1068,759,690,17,18,12,17,19,
291,382,2366,5,10,11,31,24,
618,883,1306,4,15,18,18,18,
292,1251,2224,7,12,2,24,20,
1069,859,838,20,12,12,24,18,
293,861,2050,9,13,7,21,19,
2529,617,1939,7,1,2,17,21,
1547,1001,1125,11,7,6,26,24,
619,389,1023,2,4,8,21,24,
2036,952,1065,10,12,5,29,19,
294,868,2401,4,4,8,27,23,
620,385,1411,10,12,1,33,31,
295,411,728,6,13,10,26,21,
1070,407,1513,16,11,9,22,21,
296,689,844,7,11,14,20,18,
621,641,827,10,10,18,23,18,
1548,761,860,2,12,1,16,19,
297,824,537,3,7,12,24,24,
298,393,983,12,5,13,26,20,
2037,699,916,8,13,5,29,37,
622,428,2410,16,6,4,14,18,
1071,1116,2197,8,18,16,24,18,
299,393,2306,9,20,10,23,26,
2530,1036,721,15,15,13,37,25,
300,419,2314,19,7,10,21,22,
623,1076,1205,6,15,9,20,20,
1549,537,2290,17,9,18,15,18,
301,628,1229,14,18,4,38,23,
1072,572,926,8,7,14,22,21,
624,1002,1824,20,7,8,24,20,
302,1147,932,14,7,13,33,21,
303,713,838,17,20,7,19,28,
2038,862,556,20,13,9,32,22,
625,785,1343,4,9,8,23,27,
1073,781,2115,6,6,4,22,20,
304,569,776,11,4,5,27,20,
1550,824,936,17,20,8,19,21,
305,582,2321,17,20,9,20,20,
2531,520,1071,19,5,6,29,19,
626,1063,1675,5,1,3,22,20,
306,912,854,15,6,2,22,24,
1074,685,1918,1,5,11,18,16,
307,1087,2245,19,12,15,19,23,
627,352,1841,13,9,20,22,28,
308,1078,1300,1,3,17,43,51,
2039,410,2169,13,18,16,17,21,
1551,1103,1051,19,18,12,17,18,
628,302,2479,7,1,7,30,27,
309,826,1774,20,18,18,26,25,
1075,916,2543,6,19,2,19,17,
310,719,1333,17,1,16,17,20,
629,1223,2405,5,16,19,22,22,
311,757,1341,1,10,6,31,28,
2532,668,780,3,20,13,26,21,
312,669,2379,2,2,16,25,19,
1076,348,1610,18,4,3,34,33,
1552,1262,1767,19,11,20,33,34,
630,520,2256,11,8,9,23,33,
2040,1278,738,11,16,9,22,24,
313,1074,743,14,7,5,26,30,
631,276,766,19,19,10,28,24,
314,1092,1577,17,3,18,28,26,
1077,636,2190,18,4,18,21,18,
315,1077,1524,3,10,14,29,32,
632,790,2328,16,12,19,30,26,
1553,784,1991,11,17,19,21,25,
316,817,1677,20,15,12,21,26,
317,316,1505,12,11,4,26,23,
2533,946,1244,14,15,9,23,23,
633,1270,1109,4,19,7,22,24,
1078,339,2317,16,17,16,23,24,
2041,779,2126,8,1,17,23,28,
318,982,2516,5,7,13,22,23,
319,989,708,3,10,5,19,21,
634,1140,2265,11,9,16,20,23,
1554,1153,1127,5,17,12,18,20,
320,764,1491,9,13,2,19,19,
1079,605,1645,4,10,11,22,23,
635,726,2021,8,12,16,17,21,
321,927,2516,10,1,12,31,21,
322,407,2543,15,4,12,26,24,
636,964,2197,12,1,8,16,18,
2042,972,2161,18,4,3,26,24,
1080,1272,1117,2,13,13,21,20,
2534,497,2202,5,12,1,40,24,
323,528,1905,13,2,19,25,27,
1555,944,961,6,19,13,23,26,
324,955,1838,13,4,2,16,18,
637,690,1842,7,10,13,27,23,
325,1047,1345,8,10,1,19,18,
1081,590,2120,16,16,2,23,38,
638,1204,1632,20,14,7,25,18,
326,590,2240,13,17,9,29,26,
1556,840,751,6,19,10,19,19,
327,776,1868,19,12,1,20,18,
2043,649,606,20,15,4,25,29,
639,776,610,6,13,17,25,20,
328,842,787,20,1,15,24,19,
1082,541,1446,2,15,6,17,19,
2535,1217,560,8,20,8,18,17,
329,493,2514,8,8,2,16,19,
640,290,531,3,14,4,18,21,
330,789,539,2,1,15,23,20,
1557,543,688,5,6,7,21,22,
1083,1089,943,7,12,16,26,28,
641,617,2179,12,15,3,22,25,
331,857,2112,1,7,20,22,20,
2044,1241,1045,20,10,19,24,18,
332,994,1690,12,9,9,20,18,
642,1146,1070,14,17,7,22,19,
333,905,2212,18,3,2,20,21,
1084,912,1660,7,9,19,27,21,
334,258,887,13,15,1,30,28,
643,895,2372,4,14,2,24,22,
1558,400,1176,19,18,14,23,22,
2536,1206,1974,2,9,18,17,19,
335,343,1605,16,2,7,22,19,
644,748,1155,8,13,17,27,26,
1085,1119,1688,20,10,12,24,22,
336,610,1605,5,1,16,20,26,
2045,1116,1345,12,1,7,22,23,
337,1210,2540,2,18,12,22,23,
645,1075,574,7,6,15,19,18,
1559,489,2290,8,1,7,25,27,
338,1154,1400,4,8,19,25,30,
1086,1171,2540,15,5,11,18,21,
339,865,933,20,20,3,17,21,
646,1264,1028,17,11,2,18,18,
2537,1146,2366,10,19,17,17,17,
340,646,2462,15,19,16,24,18,
647,1165,2194,14,13,15,25,21,
1087,511,852,10,19,5,22,30,
341,1039,1427,14,20,3,33,17,
2046,332,1039,1,3,13,21,24,
1560,1229,545,12,6,4,20,20,
342,743,1250,8,18,16,28,18,
648,955,2122,9,12,4,17,18,
343,724,673,15,15,7,21,20,
1088,1207,708,20,5,12,17,17,
649,469,1065,17,17,15,23,19,
344,832,2218,17,19,18,24,28,
1561,479,834,16,10,14,27,30,
345,939,2141,13,6,8,21,22,
2538,762,1915,12,11,10,16,19,
650,1158,2263,16,20,9,21,20,
2047,572,626,9,14,15,20,22,
346,1013,2175,17,9,10,21,21,
1089,423,936,5,16,4,21,20,
347,305,682,7,11,9,23,26,
651,306,1486,16,5,14,21,20,
348,265,831,9,15,15,24,21,
1562,968,1938,15,18,6,19,18,
1090,630,900,3,7,1,18,23,
652,477,1585,9,2,16,22,27,
349,585,2087,1,10,14,31,26,
350,825,2114,1,13,9,33,19,
2048,382,1170,12,4,16,23,28,
653,956,1165,13,1,20,23,24,
351,577,556,18,9,2,19,18,
2539,1037,2538,18,10,5,23,19,
1091,1202,1839,19,4,17,21,23,
1563,589,1929,4,6,17,30,21,
352,589,1210,1,12,10,23,26,
654,1258,2160,10,10,1,27,22,
353,746,1997,5,14,10,28,31,
1092,581,697,18,20,11,18,18,
655,813,2513,18,4,7,28,25,
354,1184,878,8,8,15,22,18,
2049,1104,1962,15,12,17,22,23,
355,909,860,16,14,8,23,26,
656,857,1502,4,7,2,23,23,
1564,993,1321,1,3,6,24,23,
356,849,1589,18,17,19,21,20,
1093,323,1390,1,2,10,22,32,
2540,658,2321,5,7,18,19,21,
657,948,2381,16,16,6,19,17,
357,394,1594,12,2,11,17,18,
358,501,1418,10,3,8,21,23,
658,1092,831,7,10,9,28,26,
1094,878,2447,6,8,17,26,19,
1565,723,2404,11,5,2,19,19,
2050,539,891,1,12,1,22,24,
359,416,1501,9,11,10,26,23,
360,672,1777,9,1,3,19,21,
659,605,1991,12,6,14,19,26,
361,1089,546,2,4,3,26,21,
1095,269,1137,10,17,10,19,19,
660,764,1448,19,19,12,18,23,
2541,551,573,16,10,19,20,17,
362,737,1521,7,13,19,17,19,
1566,1089,1322,7,10,10,26,19,
363,1166,1949,13,18,13,24,21,
661,721,2014,17,17,3,22,24,
2051,723,2549,12,13,14,25,25,
1096,410,1624,1,6,17,21,19,
364,1019,2007,16,5,5,32,24,
662,1104,2023,15,14,3,23,25,
365,288,1646,19,20,10,28,27,
1567,1268,1048,1,10,7,26,21,
1097,1073,2196,19,1,19,19,18,
366,1263,1926,10,11,12,27,18,
663,1148,1787,4,11,5,17,24,
367,637,1866,18,6,17,20,27,
2542,893,1214,12,17,9,24,25,
2052,1267,2090,2,16,18,24,30,
368,381,1440,19,1,2,19,16,
664,669,2160,2,14,8,18,19,
1098,651,1053,2,7,16,18,22,
1568,840,2214,13,3,14,35,46,
369,949,699,9,19,6,17,19,
665,1228,1420,15,3,16,18,20,
370,439,1369,20,7,8,30,26,
1099,899,982,4,18,3,24,22,
371,519,1538,19,7,6,25,22,
666,527,2530,20,9,20,17,18,
2053,921,2125,20,14,9,22,23,
372,522,1823,12,14,8,17,19,
1569,1148,1790,10,11,16,18,16,
2543,563,698,9,14,3,20,21,
667,720,640,3,7,12,24,23,
373,1118,1841,17,3,8,22,30,
1100,1158,593,1,15,19,24,18,
374,1240,2126,18,13,20,16,19,
668,777,1956,5,15,11,21,21,
375,284,2081,13,3,2,18,17,
1570,1112,1579,15,15,13,24,22,
1101,330,2489,6,15,17,17,16,
669,804,2351,4,17,18,19,18,
376,312,712,20,2,2,20,24,
2054,625,1647,20,11,15,30,26,
377,780,1763,5,3,1,27,21,
670,630,1705,4,8,13,27,15,
2544,601,2057,5,12,12,16,20,
378,596,1515,14,2,12,26,21,
1102,381,2226,12,16,12,25,24,
1571,816,1153,9,1,10,19,18,
379,939,1566,2,9,2,21,21,
671,838,2491,7,19,13,24,19,
380,901,1375,1,4,20,22,19,
2055,366,1679,9,13,4,25,28,
1103,1213,1309,9,16,17,21,16,
672,467,1054,19,15,11,18,29,
381,483,778,17,14,10,25,21,
382,1005,701,5,9,10,23,29,
673,453,1397,9,12,4,23,20,
1572,1225,1633,7,13,15,26,20,
2545,376,538,19,2,13,24,24,
1104,484,1776,1,8,7,21,23,
383,568,918,15,9,17,24,27,
674,559,1940,20,9,6,22,22,
384,284,1260,11,12,5,26,25,
2056,623,1687,16,13,14,24,19,
385,817,1222,11,9,20,21,16,
1105,372,589,11,14,18,20,23,
675,1166,1887,7,13,13,18,18,
1573,737,768,12,5,2,18,19,
386,1011,2106,17,19,11,18,17,
676,1263,561,19,20,8,25,23,
387,384,2298,16,3,8,20,22,
1106,601,2192,11,15,17,23,18,
2546,539,2125,15,8,16,18,17,
388,394,1484,8,12,7,22,17,
677,357,2331,11,16,14,22,28,
1574,272,1189,14,18,2,22,19,
2057,514,1560,2,15,15,25,21,
389,1161,1993,17,12,18,25,25,
678,893,1905,9,1,6,26,18,
390,777,800,12,18,20,29,26,
1107,474,695,18,17,15,20,17,
391,553,885,4,16,1,22,30,
679,1181,1696,1,3,17,20,21,
1575,1230,1696,3,10,1,18,17,
392,505,2550,11,11,2,21,23,
1108,392,1520,2,9,7,23,17,
393,425,1854,8,3,5,20,18,
2547,973,744,11,4,11,21,29,
2058,624,2546,10,20,18,20,23,
680,413,2035,3,12,20,21,20,
394,1191,2481,13,15,4,19,20,
681,518,1464,13,14,4,35,21,
1109,1045,902,6,15,20,18,17,
395,388,2265,9,9,6,20,18,
1576,420,1878,10,20,2,17,19,
396,1259,2254,18,4,20,27,24,
682,1222,1761,6,10,8,27,23,
397,1199,1500,8,15,20,23,22,
1110,859,1405,16,17,17,19,19,
2059,1248,557,8,7,4,21,20,
683,1060,1075,3,20,17,41,41,
398,708,1601,13,2,2,32,30,
2548,805,1700,10,11,19,22,19,
1577,622,1044,5,17,11,23,19,
399,1240,1633,7,13,18,24,26,
684,1176,930,1,19,4,23,24,
1111,1258,1613,18,16,12,27,27,
400,545,2286,5,13,17,23,25,
685,546,2079,10,5,11,26,26,
401,1107,2378,20,20,6,24,19,
2060,549,657,8,4,20,20,30,
1578,778,1926,9,5,10,25,22,
1112,1268,1384,2,3,12,19,20,
402,570,1742,14,2,17,32,20,
686,1212,582,11,16,17,19,19,
403,773,651,5,5,18,19,22,
2549,770,1287,20,13,13,30,25,
687,683,1166,9,12,4,21,15,
404,935,656,20,3,3,22,22,
1113,273,1730,17,19,11,22,16,
1579,771,782,6,7,17,15,21,
405,583,1669,16,7,7,23,26,
688,823,968,12,17,16,20,21,
2061,588,2266,11,11,1,22,23,
406,324,2271,10,11,6,24,26,
1114,1022,1988,6,19,16,19,20,
689,785,2395,13,17,18,27,27,
407,640,663,12,8,17,18,18,
1580,542,1875,1,4,2,29,23,
2550,1250,2513,4,15,9,31,29,
408,1056,1853,10,16,2,21,22,
690,656,2555,16,3,7,19,15,
1115,348,685,3,3,5,36,31,
409,912,1350,17,17,18,22,18,
2062,338,907,12,5,12,19,17,
691,803,969,4,4,19,19,19,
410,585,2517,20,3,5,25,26,
1116,891,644,1,1,5,19,17,
411,1242,1512,3,17,1,21,22,
1581,280,2413,1,4,16,17,18,
692,1102,870,4,19,5,16,18,
412,783,656,9,8,16,23,25,
693,685,1239,6,16,2,24,20,
2551,576,873,10,7,18,20,22,
413,308,1935,19,18,18,20,19,
1117,1181,1167,6,9,17,20,18,
2063,804,1252,16,9,11,23,26,
414,1208,656,16,4,5,16,21,
1582,1102,2556,10,3,6,19,23,
694,1098,2280,9,13,19,27,23,
415,306,2443,19,6,11,31,26,
1118,665,1186,6,5,12,20,24,
695,390,1256,15,2,11,18,15,
416,548,1716,16,11,3,37,17,
417,920,2347,7,14,17,21,20,
1583,640,1404,13,1,5,21,17,
2064,1091,1885,9,9,1,18,17,
696,1159,1504,15,13,17,21,20,
1119,904,1649,8,4,17,18,16,
2552,601,672,4,10,4,25,20,
418,643,1690,10,17,7,20,20,
697,967,855,4,2,17,25,24,
419,375,1845,2,17,7,28,24,
1120,621,1304,17,5,16,19,26,
420,430,2503,6,20,17,22,28,
698,361,1669,12,12,14,22,16,
1584,848,859,5,12,5,30,33,
421,733,1745,13,5,6,18,19,
2065,307,2179,19,18,8,25,24,
699,708,2304,1,2,19,19,20,
422,589,2432,17,8,18,31,23,
1121,392,2032,4,2,2,21,22,
2553,774,2331,5,6,7,20,16,
423,1103,1744,15,5,5,18,17,
700,1068,2174,3,19,3,19,19,
1585,1075,745,17,6,2,20,20,
424,297,940,11,15,5,16,18,
1122,848,928,2,13,8,18,20,
701,276,1957,12,8,17,23,18,
425,664,1301,13,7,6,35,27,
2066,952,1249,17,7,3,21,18,
426,1169,1070,1,8,20,18,19,
702,310,1246,17,14,1,17,17,
1586,340,1264,7,9,8,21,19,
1123,1268,2519,15,14,20,23,25,
427,807,1387,19,18,17,27,24,
2554,879,866,18,4,10,16,17,
703,1224,1932,5,14,19,20,18,
428,1213,1034,20,3,11,30,24,
1124,431,537,16,2,11,25,19,
429,376,2007,2,16,20,25,17,
2067,711,1604,3,12,18,22,24,
704,937,567,17,16,16,27,21,
1587,846,546,10,16,12,36,22,
430,1092,1798,14,5,4,24,16,
705,650,1126,4,13,6,27,24,
431,867,1702,16,15,15,35,27,
1125,751,1478,6,10,13,19,16,
432,336,2402,17,20,19,23,14,
2555,989,1665,14,15,5,20,21,
706,889,1253,20,6,18,21,16,
1588,979,1069,20,20,18,16,16,
433,836,2377,18,18,6,20,22,
2068,522,1463,12,11,8,19,19,
1126,399,2262,5,14,1,20,24,
707,1044,1034,9,5,13,22,19,
434,1003,624,7,3,14,20,19,
435,676,1941,19,10,3,15,16,
708,757,1725,2,15,15,22,22,
1127,1177,1624,5,6,13,20,21,
1589,848,1889,17,6,1,27,23,
436,513,2162,17,2,20,19,21,
709,342,2502,10,16,9,18,19,
2556,268,817,18,10,1,23,24,
2069,625,1357,10,1,10,14,16,
437,979,1135,11,17,7,16,16,
1128,585,1033,3,6,9,22,24,
438,1037,1257,4,5,8,26,29,
710,1195,2285,4,7,4,20,19,
1590,1099,1533,7,16,7,20,20,
439,593,830,15,1,2,25,25,
711,1267,2235,10,11,14,21,19,
440,1082,655,3,4,17,21,21,
1129,651,2283,17,19,9,21,18,
2070,598,719,6,10,8,29,26,
441,596,2403,20,1,17,32,19,
712,1062,1069,20,19,8,17,19,
2557,1174,758,18,20,11,21,19,
1591,521,1944,15,6,8,20,21,
442,893,1686,16,5,4,16,14,
1130,474,2269,12,20,10,29,21,
713,646,1647,2,1,20,23,13,
443,969,792,20,10,15,17,17,
444,1060,1138,9,16,8,21,14,
714,385,951,10,8,13,20,19,
1131,833,1682,20,7,9,23,15,
2071,1263,1269,20,12,5,14,15,
1592,1175,1454,7,10,18,24,19,
445,1260,1828,13,13,1,17,15,
715,771,2094,3,15,17,17,22,
446,473,1147,8,1,2,21,25,
2558,262,2307,2,11,14,18,19,
1132,372,1036,3,19,13,19,16,
447,312,1601,19,2,9,20,24,
716,751,540,18,2,12,21,19,
1593,1204,922,3,2,1,27,17,
448,795,2479,12,6,13,24,19,
2072,1270,599,2,19,4,25,22,
717,1005,1181,17,12,3,20,28,
1133,945,1872,8,7,9,37,19,
449,400,1472,4,3,6,29,27,
450,1063,2189,3,12,7,14,26,
718,817,2498,5,2,13,19,16,
1594,432,637,9,8,9,16,16,
2559,987,1584,19,19,8,16,21,
1134,936,734,17,2,1,21,23,
451,273,1766,15,5,6,17,17,
719,784,1349,17,3,20,22,21,
452,1128,1681,8,18,2,16,17,
2073,934,1020,12,19,18,20,20,
720,323,1559,13,5,18,22,26,
453,1090,1198,15,18,20,16,16,
1135,283,1276,1,8,18,17,15,
1595,555,1954,3,16,12,19,19,
454,1119,1759,5,16,15,19,19,
721,1102,1625,10,2,13,20,19,
455,1274,1101,10,16,5,34,17,
1136,306,2358,11,5,13,17,19,
2560,884,1894,18,4,17,30,27,
722,1137,1680,1,19,11,16,15,
2074,873,1214,16,17,5,17,22,
456,516,2259,4,1,17,23,21,
1596,1093,907,15,14,13,22,20,
457,970,1335,2,9,13,19,17,
723,339,1795,3,18,8,32,30,
1137,928,884,11,6,13,20,25,
458,610,751,10,15,4,22,23,
724,571,2233,16,9,17,17,20,
459,344,1505,1,18,8,25,23,
1597,1091,2046,10,3,5,20,19,
2075,586,1882,2,20,9,24,22,
1138,1072,1687,10,7,6,28,19,
2561,825,1387,20,9,12,20,16,
460,971,1507,7,18,2,19,22,
725,740,2137,7,20,3,21,21,
461,1136,2282,12,16,19,14,17,
726,602,1764,1,16,11,19,21,
1139,1070,1863,1,9,9,25,25,
462,1231,2335,7,9,18,15,13,
1598,813,1999,18,8,10,18,18,
463,1114,1299,9,6,1,15,18,
727,357,1865,12,9,9,16,16,
2076,628,1866,13,1,10,15,19,
1140,426,2308,18,5,14,15,14,
464,523,1173,5,15,12,21,28,
2562,492,2541,18,19,4,15,16,
728,862,1273,19,2,3,20,26,
465,922,2134,13,5,6,14,13,
1599,1259,2398,9,17,13,29,16,
729,688,2231,13,5,6,18,18,
1141,505,2329,16,12,1,13,13,
466,1026,1587,14,11,6,15,14,
2077,1157,1604,16,11,4,21,21,
467,890,1716,14,11,12,13,13,
730,740,673,6,16,1,15,14,
468,695,969,7,7,3,18,16,
1600,293,1832,12,3,13,14,13,
1142,1086,1056,20,18,9,15,15,
731,769,2114,17,1,17,14,15,
2563,918,1914,7,7,10,16,16,
469,771,2244,7,14,8,23,20,
470,388,1522,5,12,12,17,13,
1143,749,1925,19,2,18,23,26,
732,926,652,15,10,12,15,16,
2078,1223,638,15,3,20,21,23,
1601,306,1939,10,3,2,26,23,
471,652,980,12,1,17,15,16,
733,915,2107,17,18,12,24,28,
472,850,1042,5,18,11,23,24,
1144,550,2203,5,14,12,21,24,
473,748,729,8,14,8,20,15,
734,1104,2213,19,2,11,18,14,
2564,761,671,14,18,9,25,14,
1602,1025,1919,4,10,9,15,17,
474,829,579,18,8,9,14,15,
2079,816,1059,20,3,1,14,13,
1145,1251,2547,9,6,3,20,19,
735,1032,1172,1,5,15,15,15,
475,346,901,14,6,1,12,12,
736,559,2344,3,13,10,12,15,
476,1096,1561,3,19,17,27,19,
1146,1265,2217,17,20,1,31,34,
1603,1095,746,16,10,18,15,14,
477,875,666,19,17,18,15,12,
737,525,1455,12,5,8,16,13,
2565,1188,2482,11,14,3,37,20,
2080,1068,2320,12,4,5,20,22,
478,836,1133,20,20,7,24,21,
1147,1107,641,6,11,9,16,13,
738,1117,866,10,13,2,15,21,
479,357,1889,14,20,2,21,16,
1604,531,1369,12,4,1,17,18,
480,842,1192,2,15,17,25,25,
739,753,2084,6,16,15,21,18,
1148,1088,2306,10,18,19,22,16,
481,1227,819,13,10,14,19,21,
2081,1085,600,2,1,2,26,22,
740,391,1773,6,15,12,19,15,
482,452,2196,9,12,15,23,21,
2566,551,2336,1,5,8,15,19,
1605,1131,1839,12,1,7,16,21,
1149,1276,1887,8,17,11,19,17,
483,303,1039,15,16,14,15,15,
741,1032,1095,10,5,10,18,19,
484,953,2447,14,3,3,18,19,
742,757,1847,4,14,5,27,27,
1150,391,1254,4,16,11,21,25,
485,1193,1953,15,18,16,18,18,
2082,584,1517,13,12,1,22,23,
1606,415,1814,18,20,2,17,14,
743,883,2136,3,5,1,30,24,
486,1147,947,9,8,4,18,15,
2567,589,1208,12,8,5,28,28,
1151,692,997,11,13,20,15,17,
487,862,866,20,14,9,16,20,
744,1270,804,12,14,7,18,21,
1607,493,1546,17,19,1,27,26,
488,769,1566,3,8,2,20,16,
2083,1016,712,4,8,7,25,21,
745,1006,1606,2,3,8,18,15,
1152,656,1063,2,15,17,27,17,
489,586,1500,7,1,10,25,21,
490,765,1804,4,4,17,24,18,
746,703,1198,17,12,5,20,17,
1608,887,937,18,12,2,17,22,
2568,470,1987,16,2,17,22,21,
491,1024,860,12,8,4,16,17,
1153,783,1316,12,14,7,22,21,
747,573,1464,17,8,19,18,21,
492,359,1343,1,12,17,14,15,
2084,420,1409,3,3,5,20,16,
748,818,802,5,5,19,16,16,
493,862,1908,16,5,6,19,16,
1154,641,1646,20,2,13,38,20,
1609,821,1546,12,18,15,15,20,
494,703,615,8,2,20,18,18,
749,728,953,19,2,8,17,18,
495,1178,2376,17,2,20,34,33,
2569,671,2515,7,5,11,13,14,
1155,834,1663,18,4,18,19,16,
2085,426,687,7,15,9,35,18,
750,603,838,10,20,6,28,21,
496,369,1743,5,8,18,24,43,
1610,976,2302,18,5,13,15,13,
497,694,916,5,1,11,18,18,
751,1048,2497,14,14,14,20,22,
1156,547,1934,12,4,19,16,23,
498,1103,2510,9,19,10,27,18,
752,411,2438,17,7,20,23,22,
499,871,2505,20,16,16,31,21,
1611,545,1117,8,17,9,23,23,
2086,410,2422,6,2,15,20,16,
1157,723,1199,12,18,3,17,17,
2570,357,928,20,16,10,15,18,
753,883,905,14,13,13,20,18,
500,317,554,15,3,7,22,18,
1158,308,1883,18,7,4,24,23,
754,592,1719,17,9,15,16,19,
1612,1004,2333,1,16,11,23,21,
2087,455,982,10,10,9,22,23,
755,1111,1341,2,6,20,20,19,
1159,1152,1542,15,1,20,24,24,
2571,511,865,19,12,18,19,22,
756,667,1079,18,5,13,28,14,
1613,1155,2409,20,9,18,22,19,
1160,994,1324,7,18,18,26,24,
757,422,2125,16,4,16,22,12,
2088,760,1172,20,2,1,28,13,
758,941,1200,6,9,17,24,24,
1614,930,2207,13,6,9,22,20,
1161,922,2515,5,11,20,16,15,
2572,1173,1691,20,14,19,34,22,
759,449,1658,15,20,9,15,18,
1162,538,2157,3,13,12,21,27,
2089,1153,1451,8,12,9,18,14,
760,649,788,5,8,7,12,14,
1615,1133,836,5,7,4,20,20,
761,1250,567,17,14,5,24,24,
1163,748,1514,19,15,17,17,14,
2573,299,983,4,14,12,15,18,
762,648,2284,1,10,12,22,13,
1616,695,1895,4,17,14,15,14,
2090,1136,1971,3,14,14,14,16,
1164,1124,540,4,2,11,22,23,
763,981,1524,5,18,19,30,24,
764,941,2134,11,3,13,22,24,
1617,1163,910,12,14,18,28,14,
1165,1104,933,12,16,17,18,15,
2574,1198,537,12,20,15,19,16,
2091,492,643,18,6,13,14,15,
765,1195,1897,1,16,10,12,18,
1166,388,2251,1,18,2,26,19,
1618,389,1760,12,4,14,32,20,
766,373,1641,18,16,8,20,28,
1167,1228,2336,2,13,6,16,14,
767,534,2313,11,15,18,15,16,
2092,307,1697,8,2,15,38,18,
2575,405,2128,11,10,9,16,15,
1619,405,2454,19,14,9,27,25,
768,1134,1648,12,6,4,19,15,
1168,733,2136,10,20,14,15,15,
769,612,2169,13,6,19,23,20,
2093,434,1382,16,14,8,20,16,
1620,1264,1110,2,2,11,16,15,
1169,639,1697,15,17,2,17,15,
770,1071,2362,2,19,6,17,25,
2576,975,1608,18,2,17,19,14,
771,744,1468,11,18,20,23,28,
1170,351,1575,8,17,8,22,14,
1621,1258,2139,19,8,13,13,12,
772,382,2523,17,2,20,39,21,
2094,1062,1104,14,3,14,19,17,
1171,461,591,7,2,11,30,17,
773,372,950,9,20,7,27,22,
2577,1197,1858,4,9,17,16,19,
1622,859,1068,7,4,13,77,30,
774,1050,1630,19,19,19,15,14,
1172,278,574,11,14,14,20,15,
2095,305,2409,15,9,20,32,19,
775,1111,2449,17,14,12,16,20,
1173,1221,2271,9,3,17,21,21,
1623,398,1508,2,20,8,26,25,
776,522,658,6,13,2,27,29,
2578,324,780,2,16,7,16,19,
1174,1038,1925,10,12,16,27,30,
777,985,1444,12,17,19,30,24,
2096,394,2159,9,13,2,18,21,
1624,341,2493,12,20,16,28,30,
778,936,548,16,12,3,18,21,
1175,908,2194,19,18,14,21,16,
779,710,663,5,16,1,21,18,
1625,1137,714,9,9,14,30,20,
2579,655,762,9,14,7,23,22,
2097,843,1816,12,14,14,23,21,
1176,290,1236,16,16,8,18,24,
780,747,2397,5,12,13,20,23,
781,670,1944,18,3,4,26,30,
1177,385,905,20,14,14,23,15,
1626,1198,2521,2,15,19,21,20,
2098,1199,1350,2,11,1,18,15,
782,383,995,1,4,20,26,23,
2580,914,1095,18,11,14,16,18,
1178,747,1359,4,11,9,23,18,
783,863,788,11,19,16,19,21,
1627,1105,2026,17,12,15,14,14,
784,949,1747,2,10,3,37,16,
1179,1265,975,1,14,11,18,21,
2099,294,1989,16,12,8,26,26,
785,1049,2148,10,15,16,24,15,
1628,764,853,8,13,4,21,16,
2581,615,1187,7,9,8,33,25,
1180,336,1082,10,14,19,22,24,
786,1269,2254,1,18,7,21,17,
2100,945,593,10,3,11,25,16,
1181,1278,1367,14,14,9,26,21,
787,371,1277,12,3,11,28,20,
1629,416,638,9,3,12,16,18,
788,1154,1917,3,17,10,23,34,
2582,928,2509,9,16,17,15,17,
1182,653,651,14,12,12,21,13,
1630,1046,2303,4,11,9,18,22,
789,1104,1342,13,20,14,22,16,
2101,808,1765,2,6,2,23,18,
1183,1010,1820,10,1,10,15,19,
790,519,2504,15,8,9,18,15,
1631,624,1546,9,2,9,31,15,
791,588,2104,11,20,19,26,24,
2583,652,1431,12,3,16,36,21,
1184,311,1387,18,7,10,20,17,
2102,1180,935,11,9,2,19,15,
792,463,2352,18,17,20,16,15,
1185,400,777,10,4,17,30,24,
1632,1199,1330,16,3,7,16,15,
793,382,2307,16,8,6,22,19,
2103,759,1537,3,10,1,20,14,
794,1025,1763,18,10,10,15,15,
1186,990,2382,19,2,7,14,23,
2584,529,2471,8,20,9,17,17,
1633,917,1354,16,17,20,18,18,
795,508,930,10,6,9,18,19,
1187,417,2288,15,18,3,22,27,
796,1019,1274,5,20,12,22,22,
2104,558,2240,9,4,13,29,19,
1634,573,1046,8,6,6,22,17,
1188,524,1047,1,15,11,18,16,
797,958,2475,12,11,3,26,22,
2585,1143,588,8,3,3,24,26,
798,873,662,19,18,19,30,21,
1189,691,2274,5,14,11,15,14,
1635,725,523,7,8,6,16,20,
2105,617,1477,20,8,15,29,18,
799,631,1276,6,11,18,23,17,
1190,1240,2398,20,13,19,21,17,
2586,672,1237,7,19,1,17,15,
800,519,687,7,2,16,21,18,
1636,455,1392,5,16,16,21,18,
801,1276,606,11,19,9,25,20,
2106,1129,983,3,2,18,21,20,
1191,260,2142,14,12,10,17,16,
802,653,1950,2,2,8,26,20,
1637,1165,1582,13,4,3,14,18,
1192,523,1301,10,1,14,22,23,
2587,611,2150,2,3,5,19,18,
803,810,1427,3,8,3,26,24,
2107,488,1609,2,5,14,18,18,
1193,1173,1112,19,4,7,21,23,
804,796,1785,17,2,4,20,25,
1638,375,1624,5,2,1,19,19,
805,915,1546,7,20,17,30,24,
1194,1196,883,1,1,9,19,18,
2588,1150,1265,18,18,7,23,17,
2108,1079,738,19,17,13,24,23,
1639,1248,1843,18,20,13,23,23,
806,749,816,11,6,4,22,20,
1195,1213,2292,3,14,15,25,22,
807,1252,2348,2,8,14,26,26,
1640,866,1216,11,3,16,31,26,
808,856,1504,20,9,11,20,19,
2109,878,1259,10,9,6,22,17,
1196,775,2494,11,17,9,29,30,
2589,586,2063,18,4,2,21,22,
809,911,2061,16,11,13,37,75,
1197,564,2420,12,7,7,26,27,
1641,438,958,13,14,10,26,23,
810,455,911,8,19,7,33,37,
2110,1118,1618,15,12,5,24,22,
1198,1236,1239,19,7,13,21,18,
811,369,767,14,19,16,18,17,
2590,1261,2344,4,12,11,23,21,
1642,1273,2169,8,2,18,15,17,
812,265,1762,7,2,1,17,24,
1199,276,2327,12,17,13,24,19,
2111,837,854,2,20,8,30,21,
813,385,2465,9,18,13,17,20,
